"Variable / Field Name","Form Name","Section Header","Field Type","Field Label","Choices, Calculations, OR Slider Labels","Field Note","Text Validation Type OR Show Slider Number","Text Validation Min","Text Validation Max",Identifier?,"Branching Logic (Show field only if...)","Required Field?","Custom Alignment","Question Number (surveys only)","Matrix Group Name","Matrix Ranking?","Field Annotation"
imagemap_ex_intro,imagemap_examples,,text,"<div class='well well-primary text-center'><h3>This is a sample instrument that shows off grids body imagemaps</h3></div>",,,,,,,,,,,,,
test_grids_body_front,imagemap_examples,,text,"grids Body Map front
@IMAGEMAP=GRIDS_BODY_MAP_FRONT
",,,,,,,,,,,,," @IMAGEMAP=GRIDS_BODY_MAP_FRONT"
test_grids_body_back,imagemap_examples,,text,"grids Body Map front
@IMAGEMAP=GRIDS_BODY_MAP_BACK
",,,,,,,,,,,,," @IMAGEMAP=GRIDS_BODY_MAP_BACK"
